mean_sys_diff,mean_dias_diff
5.408069310007979,-3.1169384001423976
