mean_sys_diff,mean_dias_diff
3.8623941550909104,-3.862387304027129
